title,author,primary_isbn10,primary_isbn13,bought_by
1964,Paul McCartney,1324093064,9781324093060,Petes_team
21ST BIRTHDAY,James Patterson and Maxine Paetro,1538752867,9781538752869,Petes_team
8 RULES OF LOVE,Jay Shetty,1982183063,9781982183066,Petes_team
A DAY OF FALLEN NIGHT,Samantha Shannon,1635577926,9781635577921,Petes_team
A DAY WITH NO WORDS,Tiffany Hammond.,1736949799,9781736949795,Jakes_team
A FLICKER IN THE DARK,Stacy Willingham,1250896444,9781250896445,Petes_team
A GOOD GIRL'S GUIDE TO MURDER,Holly Jackson,1984896393,9781984896391,Petes_team
A HORSE NAMED SKY,Rosanne Parry.,0062995952,9780062995957,Petes_team
ALL ABOUT LOVE,bell hooks,0060959479,9780060959470,Petes_team
ALL THE LIGHT WE CANNOT SEE,Anthony Doerr,1501173219,9781501173219,Jakes_team
A LONG WALK TO WATER,Linda Sue Park,0547577311,9780547577319,Jakes_team
AMERICAN PROMETHEUS,Kai Bird and Martin J. Sherwin,0375726268,9780375726262,Petes_team
AMERICAN PROMETHEUS,Kai Bird and Martin J. Sherwin,,9781483077345,Jakes_team
APPLES NEVER FALL,Liane Moriarty,1250894220,9781250894229,Petes_team
ASSISTANT TO THE VILLAIN,Hannah Nicole Maehrer,1649375808,9781649375803,Jakes_team
ASTOR,Anderson Cooper and Katherine Howe,0062964704,9780062964700,Petes_team
A STUDY IN DROWNING,Ava Reid,0063211505,9780063211506,Jakes_team
ATOMIC HABITS,James Clear,0735211299,9780735211292,Jakes_team
BAKING YESTERYEAR,B. Dylan Hollis,0744080045,9780744080049,Jakes_team
BEAUTIFUL,Danielle Steel,1984821660,9781984821669,Jakes_team
BECAUSE I HAD A TEACHER,Kobi Yamada.,1943200084,9781943200085,Jakes_team
BECOMING,Michelle Obama,1524763144,9781524763145,Petes_team
BEING HENRY,Henry Winkler with James Kaplan,1250888093,9781250888099,Petes_team
BETTER THAN THE MOVIES,Lynn Painter,1534467637,9781534467637,Petes_team
BETTING ON YOU,Lynn Painter,None,9781665951166,Petes_team
BE USEFUL,Arnold Schwarzenegger,0593655958,9780593655955,Jakes_team
BEYOND THE STORY,BTS and Myeongseok Kang,1250326753,9781250326751,Jakes_team
BIG HEART LITTLE STOVE,Erin French with Rachel Holtzman,1250832314,9781250832313,Jakes_team
BLOODMARKED,Tracy Deonn,1534441638,9781534441637,Petes_team
BOOKSHOPS & BONEDUST,Travis Baldree,1250886104,9781250886101,Jakes_team
BRAIDING SWEETGRASS,Robin Wall Kimmerer,1571313567,9781571313560,Petes_team
BUILD THE LIFE YOU WANT,Arthur C. Brooks and Oprah Winfrey,0593545400,9780593545409,Jakes_team
BUILT TO MOVE,Kelly Starrett and Juliet Starrett,0593534808,9780593534809,Petes_team
CAN'T HURT ME,David Goggins,1544512279,9781544512273,Petes_team
CASTE,Isabel Wilkerson,0593230272,9780593230275,Petes_team
"CATCH A CRAYFISH, COUNT THE STARS",Steven Rinella with Brody Henderson.,0593448979,9780593448977,Jakes_team
"CHAINSAW MAN, VOL. 1",Tatsuki Fujimoto,1974709930,9781974709939,Petes_team
"CHAINSAW MAN, VOL. 12",Tatsuki Fujimoto,1974740587,9781974740581,Jakes_team
CHECK & MATE,Ali Hazelwood,0593619919,9780593619919,Jakes_team
CLIVE CUSSLER'S DARK VECTOR,Graham Brown,0593419693,9780593419694,Petes_team
COLLABORATIONS,Dav Pilkey,1338846620,9781338846621,Jakes_team
CONSTRUCTION SITE ON CHRISTMAS NIGHT,Sherri Duskey Rinker.,1452139113,9781452139111,Petes_team
CONSTRUCTION SITE: TAKING FLIGHT!,Sherri Duskey Rinker.,1797221922,9781797221922,Petes_team
COUNTDOWN,James Patterson and Brendan DuBois,031645737X,9780316457378,Petes_team
CRAVE,Tracy Wolff,1649373171,9781649373175,Jakes_team
CROSS DOWN,James Patterson and Brendan DuBois,0316404691,9780316404693,Jakes_team
CRYING IN H MART,Michelle Zauner,1984898957,9781984898951,Petes_team
CURIOUS TIDES,Pascale Lacelle,None,9781665957328,Petes_team
DAISY JONES & THE SIX,Taylor Jenkins Reid,1524798649,9781524798642,Petes_team
DARE TO LEAD,Brené Brown,0399592520,9780399592522,Petes_team
DARK ANGEL,John Sandford,0593422414,9780593422410,Jakes_team
DARK ANGEL,John Sandford,0593422422,9780593422427,Jakes_team
DEAD FALL,Brad Thor,1982182199,9781982182199,Petes_team
DEAD MOUNTAIN,Douglas Preston and Lincoln Child,1538736829,9781538736821,Petes_team
DEATH OF THE BLACK WIDOW,James Patterson and J.D. Barker,1538753081,9781538753088,Jakes_team
DIARY OF A WIMPY KID,and   Jeff Kinney,1419766945,9781419766947,Jakes_team
DIARY OF A WIMPY KID,and   Jeff Kinney,141976294X,9781419762949,Jakes_team
DIRTY THIRTY,Janet Evanovich,1668003120,9781668003121,Jakes_team
DIRTY THIRTY,Janet Evanovich,1668003090,9781668003091,Jakes_team
DIVINE RIVALS,Rebecca Ross,1250857430,9781250857439,Jakes_team
DON'T LET THE PIGEON DRIVE THE SLEIGH!,Mo Willems,1454952776,9781454952770,Jakes_team
DRAGONS LOVE TACOS,Adam Rubin.,0803736800,9780803736801,Jakes_team
ELON MUSK,Walter Isaacson,1982181281,9781982181284,Jakes_team
ELON MUSK,Walter Isaacson,,9781797162263,Jakes_team
ENCORE IN DEATH,J.D. Robb,1250284082,9781250284082,Jakes_team
ENCORE IN DEATH,J.D. Robb,1250284317,9781250284310,Jakes_team
ENOUGH,Cassidy Hutchinson,,9781797162249,Petes_team
ENOUGH,Cassidy Hutchinson,166802828X,9781668028285,Jakes_team
FAIRY TALE,Stephen King,,9781797145297,Jakes_team
FAIRY TALE,Stephen King,1668002175,9781668002179,Petes_team
FAITH STILL MOVES MOUNTAINS,Harris Faulkner,006322593X,9780063225930,Petes_team
FGTEEV: OUT OF TIME!,FGTeeV.,0063260506,9780063260504,Petes_team
FINALLY SEEN,Kelly Yang,1534488332,9781534488335,Jakes_team
FIVE SURVIVE,Holly Jackson,0593374169,9780593374160,Jakes_team
FOREVER STRONG,Gabrielle Lyon,1668007878,9781668007877,Petes_team
FOURTH WING,Rebecca Yarros,1649374089,9781649374080,Petes_team
FOURTH WING,Rebecca Yarros,1705085059,9781705085059,Jakes_team
FOURTH WING,Rebecca Yarros,1649374046,9781649374042,Petes_team
FOXGLOVE,Adalyn Grace,None,9780316565257,Jakes_team
"FRIENDS, LOVERS, AND THE BIG TERRIBLE THING",Matthew Perry,,9781250867070,Petes_team
"FRIENDS, LOVERS, AND THE BIG TERRIBLE THING",Matthew Perry,1250866448,9781250866448,Petes_team
GAMBLER,Billy Walters with Armen Keteyian,1668032856,9781668032855,Petes_team
GIRL IN PIECES,Kathleen Glasgow,1101934743,9781101934746,Jakes_team
GIRLS LIKE GIRLS,Hayley Kiyoko,1250817633,9781250817631,Jakes_team
GOING INFINITE,Michael Lewis,1324074337,9781324074335,Jakes_team
GO-TO DINNERS,Ina Garten,1984822780,9781984822789,Petes_team
GREENLIGHTS,Matthew McConaughey,,9780593294185,Petes_team
GRIME AND PUNISHMENT,Dav Pilkey,1338535625,9781338535624,Petes_team
GRUMPY MONKEY DON'T BE SCARED,Suzanne Lang.,0593486951,9780593486955,Petes_team
HAPPINESS,Danielle Steel,1984821938,9781984821935,Petes_team
HAPPY PLACE,Emily Henry,0593675118,9780593675113,Petes_team
HAPPY PLACE,Emily Henry,0593441273,9780593441275,Jakes_team
HARRY POTTER,J.K. Rowling,054579143X,9780545791434,Jakes_team
HARRY POTTER,J.K. Rowling,059035342X,9780590353427,Petes_team
HARRY POTTER,J.K. Rowling,1338815288,9781338815283,Jakes_team
HEART BONES,Colleen Hoover,1668021919,9781668021910,Petes_team
HELL BENT,Leigh Bardugo,1250313104,9781250313102,Jakes_team
HELLO BEAUTIFUL,Ann Napolitano,0593243730,9780593243732,Petes_team
HIDDEN POTENTIAL,Adam Grant,0593653149,9780593653142,Jakes_team
HIGH STAKES,Danielle Steel,1984821733,9781984821737,Jakes_team
HOLLY,Stephen King,,9781797161419,Jakes_team
HOLLY,Stephen King,1668016133,9781668016138,Jakes_team
HOOKY VOL. 3,Míriam Bonastre Tur,0358693578,9780358693574,Jakes_team
HOUSE OF ROOTS AND RUIN,Erin A. Craig,None,9780593708347,Jakes_team
HOUSE OF SKY AND BREATH,Sarah J. Maas,None,9781639732876,Jakes_team
HOW TO BE THE LOVE YOU SEEK,Nicole LePera,0063267748,9780063267749,Jakes_team
HOW TO CATCH A LEPRECHAUN,Adam Wallace.,1492632910,9781492632917,Jakes_team
HOW TO CATCH A LOVEOSAURUS,Alice Walstead.,1728268788,9781728268781,Petes_team
HOW TO CATCH AN ELF,Adam Wallace.,1492646318,9781492646310,Jakes_team
HOW TO CATCH A TURKEY,Adam Wallace.,1492664359,9781492664352,Petes_team
HOW TO CATCH A UNICORN,Adam Wallace.,1492669733,9781492669739,Petes_team
HOW TO CATCH A WITCH,Alice Walstead.,1728210356,9781728210353,Petes_team
HOW TO CATCH SANTA CLAUS,Alice Walstead.,1728274273,9781728274270,Petes_team
HOW TO CATCH THE EASTER BUNNY,Adam Wallace and Andy Elkerton,149263817X,9781492638179,Petes_team
HOW TO KNOW A PERSON,David Brooks,059323006X,9780593230060,Petes_team
ICEBERG,Jennifer A. Nielsen,1338795023,9781338795028,Jakes_team
ICEBREAKER,Hannah Grace,1668026031,9781668026038,Petes_team
IDENTITY,Nora Roberts,,9781250893338,Petes_team
IDENTITY,Nora Roberts,1250284112,9781250284112,Jakes_team
IDENTITY,Nora Roberts,1250284325,9781250284327,Jakes_team
IF HE HAD BEEN WITH ME,Laura Nowlin,1728205484,9781728205489,Jakes_team
I HAVE SOME QUESTIONS FOR YOU,Rebecca Makkai,0593490142,9780593490143,Petes_team
I LOVE DAD WITH THE VERY HUNGRY CATERPILLAR,Eric Carle,152478589X,9781524785895,Petes_team
I'M GLAD MY MOM DIED,Jennette McCurdy,1982185821,9781982185824,Petes_team
I'M GLAD MY MOM DIED,Jennette McCurdy,,9781797147949,Petes_team
IMMORTALITY,Dana Schwartz,1250861012,9781250861016,Jakes_team
"IMOGEN, OBVIOUSLY",Becky Albertalli,0063045877,9780063045873,Petes_team
INFLUENCERS,Dav Pilkey,1338896393,9781338896398,Jakes_team
INHERITANCE,Nora Roberts,1250288339,9781250288332,Petes_team
INVISIBLE,Danielle Steel,1984821601,9781984821607,Petes_team
IRON FLAME,Rebecca Yarros,1705085083,9781705085080,Jakes_team
IRON FLAME,Rebecca Yarros,1649374178,9781649374172,Jakes_team
IT ENDS WITH US,Colleen Hoover,1501110365,9781501110368,Petes_team
IT ENDS WITH US,Colleen Hoover,1508212694,9781508212690,Jakes_team
IT STARTS WITH US,Colleen Hoover,,9781797145082,Petes_team
IT STARTS WITH US,Colleen Hoover,1668001225,9781668001226,Jakes_team
I WILL FIND YOU,Harlan Coben,1538748363,9781538748367,Jakes_team
I WILL FIND YOU,Harlan Coben,1538748401,9781538748404,Jakes_team
"I WILL TEACH YOU TO BE RICH, SECOND EDITION",Ramit Sethi,1523505745,9781523505746,Petes_team
I WISH YOU MORE,Amy Krouse Rosenthal.,1452126992,9781452126999,Jakes_team
JACKIE,J. Randy Taraborrelli,1250276217,9781250276216,Petes_team
JUDGMENT PREY,John Sandford,0593542827,9780593542828,Jakes_team
"JUJUTSU KAISEN, VOL. 20",Gege Akutami,1974738744,9781974738748,Petes_team
JUST BECAUSE,Matthew McConaughey.,0593622030,9780593622032,Jakes_team
KAREN'S HAIRCUT,Ann M. Martin.,1338762621,9781338762624,Petes_team
KILLERS OF THE FLOWER MOON,David Grann,0307742482,9780307742483,Petes_team
KILLING THE WITCHES,Bill O'Reilly and Martin Dugard,1250283329,9781250283320,Petes_team
KING OF GREED,Ana Huang,1728289742,9781728289748,Petes_team
LESSONS IN CHEMISTRY,Bonnie Garmus,038554734X,9780385547345,Petes_team
LESSONS IN CHEMISTRY,Bonnie Garmus,0593507533,9780593507537,Jakes_team
LIGHT BRINGER,Pierce Brown,0425285979,9780425285978,Petes_team
LITTLE BLUE TRUCK'S VALENTINE,Alice Schertle.,0358272440,9780358272441,Jakes_team
LITTLE LEADERS,Vashti Harrison,0316475114,9780316475112,Petes_team
LONG LIVE THE PUMPKIN QUEEN,Shea Ernshaw,1368069606,9781368069601,Jakes_team
LOOK FOR ME THERE,Luke Russert,0785291814,9780785291817,Petes_team
LOVE FROM THE VERY HUNGRY CATERPILLAR,Eric Carle,0448489325,9780448489322,Petes_team
"LOVE, PAMELA",Pamela Anderson,0063226561,9780063226562,Petes_team
LOVE REDESIGNED,Lauren Asher,1728292131,9781728292137,Petes_team
"LOVE, THEORETICALLY",Ali Hazelwood,0593336860,9780593336861,Jakes_team
"MAGNOLIA TABLE, VOL. 3",Joanna Gaines,0062820176,9780062820174,Jakes_team
MARY ANNE'S BAD LUCK MYSTERY,Ann M. Martin.,1338616102,9781338616101,Petes_team
MEET ME AT THE LAKE,Carley Fortune,0593438558,9780593438558,Petes_team
MOON RISING,Tui T. Sutherland.,1338730894,9781338730890,Jakes_team
MOTHERING HEIGHTS,Dav Pilkey,1338680455,9781338680454,Petes_team
MURTAGH,Christopher Paolini,0593650867,9780593650868,Jakes_team
MY EFFIN' LIFE,Geddy Lee with Daniel Richler,0063159414,9780063159419,Petes_team
"MY HERO ACADEMIA, VOL. 33",Kohei Horikoshi,1974734749,9781974734740,Petes_team
"MY HERO ACADEMIA, VOL. 35",Kohei Horikoshi,1974739090,9781974739097,Petes_team
MY NAME IS BARBRA,Barbra Streisand,0593788443,9780593788448,Petes_team
MY NAME IS BARBRA,Barbra Streisand,0525429522,9780525429524,Petes_team
MYSTERIES OF THORN MANOR,Margaret Rogerson,1665935618,9781665935616,Petes_team
NECESSARY TROUBLE,Drew Gilpin Faust,0374601801,9780374601805,Petes_team
NEVER GIVE AN INCH,Mike Pompeo,0063247445,9780063247444,Petes_team
NEVER NEVER,Colleen Hoover and Tarryn Fisher,1335004882,9781335004888,Jakes_team
NIC BLAKE AND THE REMARKABLES,Angie Thomas,0063225131,9780063225138,Jakes_team
NICK AND CHARLIE,Alice Oseman,1338885103,9781338885101,Jakes_team
NIGHTBANE,Alex Aster,1419760904,9781419760907,Petes_team
NIGHT OF THE WITCH,Sara Raasch and Beth Revis,1728272165,9781728272160,Petes_team
NO PLAN B,Lee Child and Andrew Child,1984818570,9781984818577,Jakes_team
NOT THAT FANCY,Reba McEntire,1400238250,9781400238255,Petes_team
OATH AND HONOR,Liz Cheney,0316572063,9780316572064,Jakes_team
OBSESSED,James Patterson and James O. Born,0316499587,9780316499583,Petes_team
ODDER,Katherine Applegate.,1250147425,9781250147424,Petes_team
ONLY THE DEAD,Jack Carr,1982181699,9781982181697,Jakes_team
ONLY THE DEAD,Jack Carr,,9781797154749,Jakes_team
OUTLIVE,Peter Attia with Bill Gifford,0593236599,9780593236598,Jakes_team
OUTLIVE,Peter Attia with Bill Gifford,,9780593664445,Petes_team
OUT OF MY MIND,Sharon M. Draper,1416971718,9781416971719,Jakes_team
OUT OF NOWHERE,Sandra Brown,1538742977,9781538742976,Petes_team
PAGEBOY,Elliot Page,,9781250897664,Petes_team
PAGEBOY,Elliot Page,1250878357,9781250878359,Jakes_team
PAINTED DEVILS,Margaret Owen,1250831164,9781250831163,Petes_team
PARIS,Paris Hilton,0063224623,9780063224629,Petes_team
PAYBACK IN DEATH,J.D. Robb,1250284104,9781250284105,Petes_team
PAYBACK IN DEATH,J.D. Robb,1250284090,9781250284099,Petes_team
PERCY JACKSON & THE OLYMPIANS,Rick Riordan,1368098177,9781368098175,Jakes_team
PERCY JACKSON & THE OLYMPIANS,Rick Riordan,1484707230,9781484707234,Petes_team
PETE THE CAT: BIG EASTER ADVENTURE,James Dean and Kimberly Dean,006219867X,9780062198679,Petes_team
PETE THE CAT: THE GREAT LEPRECHAUN CHASE,James Dean,0062404504,9780062404503,Petes_team
"POVERTY, BY AMERICA",Matthew Desmond,0593239911,9780593239919,Petes_team
POWERLESS,Lauren Roberts,None,9781665955997,Petes_team
POWERLESS,Lauren Roberts,1665954884,9781665954884,Petes_team
PREQUEL,Rachel Maddow,0593444515,9780593444511,Jakes_team
QUIETLY HOSTILE,Samantha Ir,0593315693,9780593315699,Petes_team
"RED, WHITE AND ROYAL BLUE",Casey McQuiston,1250316774,9781250316776,Petes_team
REFUGEE,Alan Gratz,0545880831,9780545880831,Petes_team
REMARKABLY BRIGHT CREATURES,Shel Van Pelt,0063204185,9780063204188,Petes_team
RESTART,Gordon Korman,1338053809,9781338053807,Petes_team
RESURRECTION WALK,Michael Connelly,1668632349,9781668632345,Petes_team
RESURRECTION WALK,Michael Connelly,0316563781,9780316563789,Petes_team
RESURRECTION WALK,Michael Connelly,0316563765,9780316563765,Petes_team
ROMANTIC COMEDY,Curtis Sittenfeld,0399590943,9780399590948,Petes_team
ROMNEY,McKay Coppins,1982196203,9781982196202,Petes_team
SAFE AND SOUND,Mercury Stardust,0744079071,9780744079074,Jakes_team
SAVED,Benjamin Hall,0063309661,9780063309661,Jakes_team
SHADOWS REEL,C.J. Box,059333129X,9780593331293,Petes_team
SILVER IN THE BONE,Alexandra Bracken,0593481658,9780593481653,Petes_team
SILVER IN THE BONE,Alexandra Bracken,None,9780593705834,Jakes_team
SIMPLY LIES,David Baldacci,1538750597,9781538750599,Jakes_team
SIMPLY LIES,David Baldacci,1538750635,9781538750636,Jakes_team
SKANDAR AND THE PHANTOM RIDER,A.F. Steadman,1665912766,9781665912761,Petes_team
SOLITAIRE,Alice Oseman,None,9781339016238,Jakes_team
SOLITAIRE,Alice Oseman,1338863428,9781338863420,Jakes_team
SOMEONE ELSE'S SHOES,Jojo Moyes,1984879294,9781984879295,Petes_team
"SOMETHING, SOMEDAY",Amanda Gorman.,0593203259,9780593203255,Jakes_team
"SONG OF SILVER, FLAME LIKE NIGHT",Amélie Wen Zhao,None,9780593705797,Petes_team
SPARE,Prince Harry,0593675096,9780593675090,Jakes_team
SPARE,Prince Harry,0593593804,9780593593806,Jakes_team
SPARRING PARTNERS,John Grisham,0593470907,9780593470909,Jakes_team
SPELL BOUND,F.T. Lukens,None,9781665940184,Petes_team
"SPY X FAMILY, VOL. 9",Tatsuya Endo,1974736288,9781974736287,Petes_team
STACEY'S MISTAKE,Ann M. Martin.,1338616137,9781338616132,Petes_team
"START, STAY, OR LEAVE",Trey Gowdy,0593240979,9780593240977,Petes_team
STORM WATCH,C.J. Box,0593331303,9780593331309,Jakes_team
STORM WATCH,C.J. Box,0593331311,9780593331316,Jakes_team
SWEET ENOUGH,Alison Roman,1984826395,9781984826398,Petes_team
"THANK YOU, TEACHER FROM THE VERY HUNGRY CATERPILLAR",Eric Carle,0593226186,9780593226186,Petes_team
THE 23RD MIDNIGHT,James Patterson and Maxine Paetro,0316402982,9780316402989,Jakes_team
THE 23RD MIDNIGHT,James Patterson and Maxine Paetro,0316402788,9780316402781,Petes_team
THE ARMOR OF LIGHT,Ken Follett,0525954996,9780525954996,Petes_team
THE  BAD GUYS: A VERY BAD HOLIDAY,Kate Howard,1339023792,9781339023793,Petes_team
THE BIG CHEESE,Jory John.,0063329506,9780063329508,Jakes_team
THE BODY KEEPS THE SCORE,Bessel van der Kolk,0143127748,9780143127741,Jakes_team
THE BOOK OF CHARLIE,David Von Drehle,1476773920,9781476773926,Petes_team
THE BOYS FROM BILOXI,John Grisham,0385548923,9780385548922,Petes_team
THE BOYS FROM BILOXI,John Grisham,0593470915,9780593470916,Jakes_team
THE BOYS IN THE BOAT,Daniel James Brown,0143125478,9780143125471,Petes_team
"THE BOY, THE MOLE, THE FOX AND THE HORSE",Charlie Mackesy,0062976583,9780062976581,Petes_team
THE CABINET OF DR. LENG,Douglas Preston and Lincoln Child,1538736802,9781538736807,Petes_team
THE COLLECTOR,Daniel Silva,0062834932,9780062834935,Jakes_team
THE COMPLETE BAKING BOOK FOR YOUNG CHEFS,America's Test Kitchen Kids,1492677698,9781492677697,Petes_team
THE COMPLETE COOKBOOK FOR YOUNG CHEFS,America's Test Kitchen Kids,1492670022,9781492670025,Jakes_team
THE COURAGE TO BE FREE,Ron DeSantis,0063276003,9780063276000,Jakes_team
THE COVENANT OF WATER,Abraham Verghese,1705070248,9781705070246,Petes_team
THE COVENANT OF WATER,Abraham Verghese,0802162177,9780802162175,Petes_team
THE CRAYONS GO BACK TO SCHOOL,Drew Daywalt.,0593621115,9780593621110,Jakes_team
THE CREATIVE ACT,Rick Rubin with Neil Strauss,0593652886,9780593652886,Jakes_team
THE DADDY DIARIES,Andy Cohen,1250890926,9781250890924,Petes_team
THE DAVENPORTS,Krystal Marquis,0593463331,9780593463338,Petes_team
THE DAY THE CRAYONS QUIT,Drew Daywalt.,0399255370,9780399255373,Petes_team
THE DEMOCRAT PARTY HATES AMERICA,Mark R. Levin,150118315X,9781501183157,Jakes_team
THE EDGE,David Baldacci,1538719916,9781538719916,Petes_team
THE EDGE,David Baldacci,1538719924,9781538719923,Petes_team
THE ESCAPE ARTIST,Jonathan Freedland,0063112361,9780063112360,Petes_team
THE EXCHANGE,John Grisham,0593607481,9780593607480,Jakes_team
THE EXCHANGE,John Grisham,0385548958,9780385548953,Jakes_team
THE FIRST TO DIE AT THE END,Adam Silvera,0063240807,9780063240803,Petes_team
THE FIVE-STAR WEEKEND,Elin Hilderbrand,0316258776,9780316258777,Jakes_team
THE GLUCOSE GODDESS METHOD,Jessie Inchauspé,1668024527,9781668024522,Petes_team
THE GOOD EGG PRESENTS: THE GREAT EGGSCAPE!,Jory John.,0062975676,9780062975676,Petes_team
THE GOOD LIFE,Robert Waldinger and Marc Schulz,198216669X,9781982166694,Petes_team
THE HARRY POTTER WIZARDING ALMANAC,J.K. Rowling. Various illustrators,1339018144,9781339018140,Jakes_team
THE HEAVEN & EARTH GROCERY STORE,James McBride,0593422945,9780593422946,Petes_team
THE HOUSE IN THE PINES,Ana Reyes,0593186710,9780593186718,Petes_team
THE HOUSEMAID,Freida McFadden,1538742578,9781538742570,Petes_team
THE HOUSE OF WOLVES,James Patterson and Mike Lupica,0316404292,9780316404297,Petes_team
THE HUNDRED YEARS' WAR ON PALESTINE,Rashid Khalidi,1250787653,9781250787651,Petes_team
THE HUNGER GAMES,Suzanne Collins,1339016575,9781339016573,Petes_team
THE HUNGER GAMES,Suzanne Collins,1338635174,9781338635171,Petes_team
THE IN-BETWEEN,Hadley Vlahos,059349993X,9780593499931,Petes_team
THE INHERITANCE GAMES,Jennifer Lynn Barnes,0316480770,9780316480772,Jakes_team
THE ISLAND,Natasha Preston,0593481496,9780593481493,Petes_team
THE JAILHOUSE LAWYER,James Patterson and Nancy Allen,1538752603,9781538752609,Petes_team
THE JANUARY 6 REPORT,the House January 6th Committee,0063315505,9780063315501,Jakes_team
THE JANUARY 6TH REPORT,the Select Committee to Investigate the Jan. 6 Attack on the United States Capitol,1250877520,9781250877529,Petes_team
THE JOSIAH MANIFESTO,Jonathan Cahn,1636413323,9781636413327,Petes_team
THE JUDGE'S LIST,John Grisham,0593157834,9780593157831,Jakes_team
THE LAST DEVIL TO DIE,Richard Osman,0593299426,9780593299425,Petes_team
THE LAST DEVIL TO DIE,Richard Osman,0593299434,9780593299432,Jakes_team
THE LAST HOURS,Cassandra Clare,1481431935,9781481431934,Jakes_team
THE LAST THING HE TOLD ME,Laura Dave,1501171356,9781501171352,Jakes_team
THE LAST THING HE TOLD ME,Laura Dave,,9781797123196,Jakes_team
THE LEAF THIEF,Alice Hemming.,1728235200,9781728235202,Petes_team
THE LIGHT WE CARRY,Michelle Obama,0593677889,9780593677889,Jakes_team
THE LIGHT WE CARRY,Michelle Obama,0593237463,9780593237465,Jakes_team
THE MAKING OF ANOTHER MAJOR MOTION PICTURE MASTERPIECE,Tom Hanks,052565559X,9780525655596,Petes_team
THE NAZI CONSPIRACY,Brad Meltzer and Josh Mensch,1250777267,9781250777263,Petes_team
THE NOISE,James Patterson and J.D. Barker,1538753049,9781538753040,Petes_team
THE OFFICIAL FIVE NIGHTS AT FREDDY'S COOKBOOK,Scott Cawthon and Rob Morris,1338851292,9781338851298,Petes_team
THE OFFICIAL HARRY POTTER COOKBOOK,Joanna Farrow,1338893076,9781338893076,Petes_team
THE ONE AND ONLY,Katherine Applegate,0063080087,9780063080089,Jakes_team
THE ONE AND ONLY IVAN,Katherine Applegate.,0061992275,9780061992278,Petes_team
THE ONLY SURVIVORS,Megan Miranda,1668010410,9781668010419,Petes_team
THE PIGEON HAS TO GO TO SCHOOL!,Mo Willems,1368046452,9781368046459,Petes_team
THE PIONEER WOMAN COOKS: DINNER'S READY!,Ree Drummond,0062962841,9780062962843,Petes_team
THERE ARE MOMS WAY WORSE THAN YOU,Glenn Boozan.,1523515643,9781523515646,Petes_team
THE RUNNING GRAVE,Robert Galbraith,0316572136,9780316572132,Jakes_team
THE RUSSIAN,James Patterson and James O. Born,1538703580,9781538703588,Jakes_team
THE SCARLET VEIL,Shel Mahurin,None,9780063355187,Petes_team
THE SECRET,Lee Child and Andrew Child,1984818597,9781984818591,Jakes_team
THESE INFINITE THREADS,Tahereh Mafi,0062972472,9780062972477,Jakes_team
THE SEVEN HUSBANDS OF EVELYN HUGO,Taylor Jenkins Reid,1501161938,9781501161933,Petes_team
THE SHIFT,Tinx,1668007630,9781668007631,Petes_team
THE SKULL,Jon Klassen,1536223360,9781536223361,Jakes_team
THE SPIRIT BARES ITS TEETH,Andrew Joseph White,1682636119,9781682636114,Petes_team
THE STOLEN HEIR,Holly Black,0316592706,9780316592703,Jakes_team
THE STOLEN HEIR,Holly Black,None,9780316519045,Jakes_team
THE STORYTELLER,Dave Grohl,0063076101,9780063076105,Petes_team
THE SUBTLE ART OF NOT GIVING A F*CK,Mark Manson,0062457713,9780062457714,Petes_team
THE SUMMER I TURNED PRETTY TRILOGY,Jenny Han,1442498323,9781442498327,Jakes_team
THE SUMMER I TURNED PRETTY TRILOGY,Jenny Han,1416968296,9781416968290,Jakes_team
THE SUMMER I TURNED PRETTY TRILOGY,Jenny Han,1416995595,9781416995593,Jakes_team
THE SUN AND THE STAR,Rick Riordan and Mark Oshiro,1368081150,9781368081153,Jakes_team
THE WAGER,David Grann,0385534264,9780385534260,Jakes_team
THE WAY I USED TO BE,Amber Smith,1481449362,9781481449366,Petes_team
THE WHEEL OF THE YEAR,Fiona Cook.,1524874809,9781524874803,Petes_team
THE WILD ROBOT,Peter Brown,0316382000,9780316382007,Petes_team
THE WISDOM OF THE BULLFROG,William H. McRaven,1538707942,9781538707944,Jakes_team
THE WOMAN IN ME,Britney Spears,,9781797159515,Jakes_team
THE WOMAN IN ME,Britney Spears,1668009048,9781668009048,Jakes_team
THE WONDERFUL THINGS YOU WILL BE,Emily Winfield Martin,0385376715,9780385376716,Petes_team
THE WORLD CENTRAL KITCHEN COOKBOOK,José Andrés and World Central Kitchen with Sam Chapple-Sokol,0593579070,9780593579077,Petes_team
THEY BOTH DIE AT THE END,Adam Silvera,0062457802,9780062457806,Petes_team
THINGS WE HIDE FROM THE LIGHT,Lucy Score,172827611X,9781728276113,Jakes_team
THINGS WE LEFT BEHIND,Lucy Score,1728276128,9781728276120,Jakes_team
THIS WINTER,Alice Oseman,1338885138,9781338885132,Jakes_team
"TIME FOR SCHOOL, LITTLE BLUE TRUCK",Alice Schertle.,0358412242,9780358412243,Petes_team
TOM CLANCY: ZERO HOUR,Don Bentley,0593422740,9780593422748,Petes_team
TOM LAKE,Ann Patchett,006332752X,9780063327528,Jakes_team
TOM LAKE,Ann Patchett,,9780063327559,Jakes_team
TOO LATE,Colleen Hoover,1538756595,9781538756591,Jakes_team
TRUST,Hernan Diaz,0593420322,9780593420324,Petes_team
TWENTY THOUSAND FLEAS UNDER THE SEA,Dav Pilkey,1338801910,9781338801910,Jakes_team
TWISTED LOVE,Ana Huang,1728274869,9781728274867,Petes_team
TWO ALONE,Sandra Brown,0778334449,9780778334446,Petes_team
TWO DEGREES,Alan Gratz,1338735675,9781338735673,Petes_team
TWO TWISTED CROWNS,Rachel Gillig,0316312711,9780316312714,Petes_team
UNNATURAL DEATH,Patricia Cornwell,1538743191,9781538743195,Petes_team
UNSCRIPTED,James B. Stewart and Rachel Abrams,1984879421,9781984879424,Petes_team
VERITY,Colleen Hoover,1538724731,9781538724736,Petes_team
VINCE FLYNN: CODE RED,Kyle Mills,1982165022,9781982165024,Jakes_team
VINCE FLYNN: CODE RED,Kyle Mills,1982164999,9781982164997,Petes_team
VINCE FLYNN: OATH OF LOYALTY,Kyle Mills,1982164921,9781982164928,Petes_team
WARRIOR GIRL UNEARTHED,Angeline Boulley,1250766583,9781250766588,Petes_team
WHAT THE RIVER KNOWS,Isabel Ibañez,None,9781250345394,Jakes_team
WHEN YOU TRAP A TIGER,Tae Keller,1524715735,9781524715731,Jakes_team
WHY A DAUGHTER NEEDS A DAD,Gregory E. Lang.,1492667838,9781492667834,Jakes_team
WHY A SON NEEDS A MOM,Gregory E. Lang.,1728235847,9781728235844,Petes_team
WILDFIRE,Hannah Grace,1668026279,9781668026274,Jakes_team
WINGS OF FIRE: A GUIDE TO THE DRAGON WORLD,Tui T. Sutherland.,1338634828,9781338634822,Jakes_team
WISH,Barbara O'Connor,1250144051,9781250144058,Jakes_team
WITHOUT A TRACE,Danielle Steel,1984821881,9781984821881,Jakes_team
WITHOUT A TRACE,Danielle Steel,1984821865,9781984821867,Petes_team
WONDER,R.J. Palacio,0375869026,9780375869020,Jakes_team
WORTHY,Jada Pinkett Smith,,9780063320710,Petes_team
WORTHY,Jada Pinkett Smith,0063320681,9780063320680,Petes_team
WRECKER,Carl Hiaasen,0593376285,9780593376287,Jakes_team
Y'ALL EAT YET?,Miranda Lambert with Holly Gleason,0063087782,9780063087781,Petes_team
YOU CAN'T JOKE ABOUT THAT,Kat Timpf,0063270420,9780063270428,Petes_team
YOU COULD MAKE THIS PLACE BEAUTIFUL,Maggie Smith,1982185856,9781982185855,Petes_team
YOUNG FOREVER,Mark Hyman,0316453188,9780316453189,Jakes_team
